{
    "numero": 13371234,
    "version": "1.0.3",
    "rights_class": "easydocgenerator",
    "family": "other",
    "picto": "pdf",
    "description": "EasydocgeneratorDescription",
    "descriptionlong": "EasydocgeneratorDescription",
    "module_position": "90",
    "editor_name": "Frédéric France",
    "editor_url": "https://easydolidemo.fr",
    "hidden": false,
    "depends": [],
    "dirs": [
        "/easydocgenerator/temp",
        "/ecm/easydocgenerator"
    ],
    "module_parts": {
        "triggers": 0,
        "login": 0,
        "substitutions": 0,
        "menus": 0,
        "tpl": 0,
        "barcode": 0,
        "models": 1,
        "printing": 0,
        "theme": 0,
        "css": [],
        "js": [],
        "hooks": {
            "data": [],
            "entity": 0
        },
        "moduleforexternal": 0,
        "extrafields": []
    },
    "right_class": "easydocgenerator",
    "tabs": [],
    "dictionaries": [],
    "boxes": [],
    "const": [
        ["ORDER_ADDON_EASYDOC_TEMPLATES_PATH", "chaine", "DOL_DATA_ROOT/ecm/easydocgenerator/orders", "Directory for orders templates", 0],
        ["SUPPLIER_ORDER_ADDON_EASYDOC_TEMPLATES_PATH", "chaine", "DOL_DATA_ROOT/ecm/easydocgenerator/supplier_orders", "Directory for supplier orders templates", 0],
        ["CONTRACT_ADDON_EASYDOC_TEMPLATES_PATH", "chaine", "DOL_DATA_ROOT/ecm/easydocgenerator/contracts", "Directory for contracts templates", 0],
        ["INVOICE_ADDON_EASYDOC_TEMPLATES_PATH", "chaine", "DOL_DATA_ROOT/ecm/easydocgenerator/invoices", "Directory for invoices templates", 0],
        ["PROPALE_ADDON_EASYDOC_TEMPLATES_PATH", "chaine", "DOL_DATA_ROOT/ecm/easydocgenerator/propales", "Directory for propales templates", 0],
        ["PRODUCT_ADDON_EASYDOC_TEMPLATES_PATH", "chaine", "DOL_DATA_ROOT/ecm/easydocgenerator/products", "Directory for products templates", 0],
        ["BOM_ADDON_EASYDOC_TEMPLATES_PATH", "chaine", "DOL_DATA_ROOT/ecm/easydocgenerator/bpms", "Directory for boms templates", 0],
        ["SHIPPING_ADDON_EASYDOC_TEMPLATES_PATH", "chaine", "DOL_DATA_ROOT/ecm/easydocgenerator/shippings", "Directory for shippings templates", 0],
        ["TICKET_ADDON_EASYDOC_TEMPLATES_PATH", "chaine", "DOL_DATA_ROOT/ecm/easydocgenerator/tickets", "Directory for tickets templates", 0],
        ["STOCK_ADDON_EASYDOC_TEMPLATES_PATH", "chaine", "DOL_DATA_ROOT/ecm/easydocgenerator/stocks", "Directory for stocks templates", 0],
        ["INTERVENTION_ADDON_EASYDOC_TEMPLATES_PATH", "chaine", "DOL_DATA_ROOT/ecm/easydocgenerator/interventions", "Directory for interventions templates", 0]
    ]
}
