{
    "numero": 13371234,
    "version": "1.0.0",
    "rights_class": "easydocgenerator",
    "family": "other",
    "picto": "pdf",
    "description": "EasydocgeneratorDescription",
    "descriptionlong": "EasydocgeneratorDescription",
    "module_position": "90",
    "editor_name": "frederic34",
    "editor_url": "https://fredericfrance.fr",
    "hidden": false,
    "depends": [],
    "dirs": [
        "/easydocgenerator/temp",
        "/ecm/easydocgenerator"
    ],
    "module_parts": {
        "triggers": 0,
        "login": 0,
        "substitutions": 0,
        "menus": 0,
        "tpl": 0,
        "barcode": 0,
        "models": 1,
        "printing": 0,
        "theme": 0,
        "css": [],
        "js": [],
        "hooks": {
            "data": [],
            "entity": 0
        },
        "moduleforexternal": 0,
        "extrafields": []
    },
    "right_class": "easydocgenerator",
    "tabs": [],
    "dictionaries": [],
    "boxes": [],
    "const": [
        ["ORDER_ADDON_EASYDOC_HTM_PATH", "chaine", "DOL_DATA_ROOT/ecm/easydocgenerator/orders", "Directory for orders templates", 1],
        ["INVOICE_ADDON_EASYDOC_HTM_PATH", "chaine", "DOL_DATA_ROOT/ecm/easydocgenerator/invoices", "Directory for invoices templates", 1],
        ["PROPALE_ADDON_EASYDOC_HTM_PATH", "chaine", "DOL_DATA_ROOT/ecm/easydocgenerator/propales", "Directory for propales templates", 1]
    ]
}
